{"agent": [[1, "MAHESH GAIKWAD", "9403669933", "9403669933", "I AM MAHESH GAIKWAD"], [2, "Shivraj Patil", "9975648460", "9975648460", "full latur"], [3, "Gaurav Shinde", "8793067703", "8793067703", "nvin properties agent"], [4, "Bapu Gaikwad", "9970775776", "9403669933", "latur"], [5, "Anteshwar Hingmare", "8087417628", "8087417628", "latur"], [6, "kashinath Bansode", "9146793453", "9146793453", "3 Yr experience"], [7, "Sumit Dixit", "9175615088", "9175615088", "4 Yr Experince"], [8, "Avinash Patil", "9067661631", "9067661631", "latur nvin "]], "plots": [[7, "40 x 50", 0, 20, 0, 0, 4200, 2000, 8400000.0, 2, 1, "0", "Best for Home Build, Bajula Changle ghar aahet", "gandharv hotel chya pathi mage", null, true, "18.376840,76.559377", 2], [9, "80 x 75", 40, 0, 0, 0, 5500, 6000, 33000000.0, 2, 0, "0", "Rajiv Gandhi  Chowk pasun javal aahe, 30 ft cha road", "Bidve Nagar, Rajiv Gandhi Chowk, Near Keshav Apt", null, true, "18.380383,76.561022", 1], [10, "30 x30", 20, 0, 0, 0, 2200, 900, 1980000.0, 2, 0, "0", "low budget madhe best plot, Nanded road pasun 100 M", "Vivekanand Chowk, Deshpande Galli, Latur", null, true, "18.412026,76.599949", 1], [11, "30 x 80", 0, 0, 0, 60, 4500, 2400, 10800000.0, 2, 1, "0", "Main road touch, commercial plot", "Deep Jyoti Nagar, sul Galli javal", null, true, "18.414144,76.555810", 1], [12, "44 x 50", 30, 0, 25, 0, 1500, 2219, 3328500.0, 1, 1, "0", "7 pani Sanctioned Plot, Swast madhe aahe, lagech ghar bandhun rahu shakto", "khopegao pasun javal", null, false, "18.349260,76.553244", 3], [18, "32 x 70", 30, 0, 0, 0, 4500, 2240, 10080000.0, 1, 1, "0", "Rich society, 30 ft road , and purv disha", "gayatri utsav", null, true, "18.372053,76.558576", 5], [19, "40 x 52", 40, 0, 0, 25, 14000, 2150, 30100000.0, 1, 1, "0", "Commercial point, best for office, hospital, house", "Juna Ausa road Touch", null, true, "18.389352,76.559145", 3], [20, "20 x 50", 0, 0, 0, 25, 3500, 1000, 3500000.0, 2, 1, "0", "Best for residential use", "Khanderaya Dhaba", null, true, "18.405346,76.543385", 4], [21, "20 x50", 0, 0, 0, 25, 1800, 1000, 1800000.0, 2, 0, "0", "Low budget plot, fakt 18 lakh madhe", "prakash nagar", null, true, "18.397127,76.546318", 1], [22, "30 x 50", 0, 0, 0, 25, 500, 1500, 750000.0, 2, 0, "0", "Swastat  mast", "Harungul railway", null, true, "18.408292,76.514783", 3], [23, "30 x 40 ", 0, 0, 0, 30, 2700, 1200, 3240000.0, 1, 1, "0", "new plotting, best for investment", "katpur road, new ploting", null, true, "18.370823,76.587721", 1], [24, "30 x 50", 30, 0, 0, 0, 4500, 1500, 6750000.0, 1, 1, "0", "best for residential and commercial", "LIC Colony Latur", null, true, "18.380823,76.566283", 2], [25, "40 x 40", 40, 0, 0, 0, 5000, 1600, 8000000.0, 2, 1, "0", "commerical point", "Lic colony main road, swapnpurti apt chya alikade", null, true, "18.378281,76.566408", 2], [26, "54 x 110", 0, 0, 0, 120, 25500, 6000, 153000000.0, 2, 1, "0", "fully commerical point", "Barshi Road Touch, Bajaj Showroom pasun 100 m", null, true, "18.407591,76.549365", 1], [28, "30 x 40", 0, 0, 0, 25, 1500, 1200, 1800000.0, 2, 0, "", "Swastat plot ahe. Guntewari karayala file takli aahe", "katle nagar, pakharsangvi", null, true, "18.395687,76.529496", 3], [29, "40 x 40", 0, 25, 0, 25, 4500, 1600, 7200000.0, 2, 0, "", "best for house", "New Pragati Nagar, LIC Colony", null, true, "18.379571,76.563781", 2], [30, "25 x 50", 25, 0, 0, 0, 2800, 1250, 3500000.0, 2, 0, "", "location changli aahe", "Grand hotel chya pathi mage , kulswamini nagar", null, true, "18.403521,76.536685", 4], [31, "33 x 50", 30, 0, 0, 0, 3200, 1650, 5280000.0, 1, 1, "", "new ploting", "Katpur road, ", null, true, "18.372600,76.588302", 3], [32, "40 x 30", 0, 0, 0, 30, 2800, 1200, 3360000.0, 1, 1, "", "Katpur road , birajdar madam plotting , 3 plots ", "Katpur Road, Latur", null, true, "18.373001,76.586708", 3], [33, "40 x 45", 0, 0, 0, 40, 4500, 1800, 8100000.0, 2, 1, "", "road pasun 2nd plot", "Katpur road , ", null, true, "18.379703,76.587911", 8], [34, "30 x 60", 15, 0, 0, 0, 5500, 1800, 9900000.0, 2, 0, "", "", "Basweshwar Chowk Javal, Main Road Pasun 5va", null, true, "18.385200,76.578995", 8], [35, "30 x 50", 0, 0, 30, 0, 3000, 1500, 4500000.0, 1, 1, "", "best for Residential ", "Deep Jyoti nagar, Bhaskar Nagar Javal", null, true, "18.415924,76.555791", 6], [36, "50 x 50", 0, 0, 30, 0, 3000, 2500, 7500000.0, 1, 1, "", "Best for Residential Use", "Deep Jyoti Nagar, Bhaskar Nagar Javal", null, true, "18.415897,76.555915", 6], [37, "35 x 40", 20, 0, 0, 20, 3500, 1400, 4900000.0, 2, 0, "", "Juna Ausa Road Plots", "Tuljabhavani Nagar Near Juna Ausa Road", null, true, "18.387934,76.554699", 2], [38, "60 x 60", 30, 0, 0, 40, 3200, 3600, 11520000.0, 1, 1, "", "best for Commercial and Residential", "Ring Road , Near Nawandar Row House", null, true, "18.397436,76.543700", 4], [39, "25 x 51", 30, 0, 30, 0, 1000, 1275, 1275000.0, 3, 0, "", "plot chii guntewari karun milel", "new vasti, near pakharsangvi", null, true, "18.392513,76.515444", 4], [40, "17 x 50", 0, 0, 30, 0, 942, 850, 800700.0, 3, 0, "", "plot chii guntewari karun milel", "new vasti, near pakharsangvi gav", null, true, "18.392884,76.515539", 4], [41, "40 x 50", 0, 0, 0, 30, 1000, 2000, 2000000.0, 3, 0, "", "3 plot aahet , purv dishache sudha, plot chii guntewari karun milel", "new vasti near, pakharsangvi", null, true, "18.392390,76.515685", 4], [42, "15 x 40", 20, 0, 0, 0, 1700, 600, 1020000.0, 2, 0, "", "guntewari karun denar aahet", "patryachaya karkhanayachya samor, ", null, true, "18.401747,76.518953", 4], [43, "35 x 50", 20, 0, 0, 0, 1700, 1750, 2975000.0, 2, 0, "", "guntewari karun denar aahet", "patryachaya karkhanayachya samor, ", null, true, "18.401175,76.519003", 4], [44, "40 x 40 ", 20, 0, 0, 0, 2500, 1600, 4000000.0, 3, 0, "", "guntewari karun denar aahet", "patryachaya karkhanayachya samor, ", null, true, "18.402693,76.518542", 4], [45, "40 x 40 ", 20, 0, 0, 0, 2700, 1600, 4320000.0, 2, 0, "", "vilasrao compound chya bajula , guntwari karavi lagel", "vilasrao compound chya bajula", null, true, "18.402280,76.523072", 4], [46, "40 x 40 ", 0, 20, 20, 0, 2500, 1600, 4000000.0, 2, 0, "", "pramod petrol pump smor , gutno. 79", "pramod petrol pump smor , gutno. 79", null, true, "18.403073,76.524810", 4], [47, "40 x 100", 30, 0, 60, 0, 3500, 40000, 140000000.0, 1, 1, "", "", "khasdarchya ghara\u00a0javal", null, false, "18.401179,76.531284", 4], [48, "27 x 40", 0, 0, 60, 0, 2500, 1100, 2750000.0, 1, 1, "", "", " kulswami\u00a0nagar", null, false, "18.401000,76.536680", 4], [49, "40 x 70", 0, 30, 0, 60, 3500, 2800, 9800000.0, 1, 1, "", "khasdar ghara\u00a0jvl", "khasdar ghara\u00a0jvl", null, true, "18.400878,76.531991", 4], [50, "40 x 50", 0, 0, 0, 30, 550, 2000, 1100000.0, 3, 0, "", "Low Budget, Best Location, Urgent, Guntwari Karun Milel", "Pakharsangvi Road, Near Sant Tukaram School", null, true, "18.389508,76.515657", 1], [51, "20 x 50", 0, 0, 0, 25, 1200, 1000, 1200000.0, 3, 0, "", "Guntewari Karun Milel, Urgent Sell", "bhambri Chowk, Near Jilha Parishad School", null, true, "18.428376,76.538422", 3], [52, "33 x  31", 20, 0, 30, 0, 1600, 1100, 1760000.0, 1, 1, "", "All document clear aahet", "Near Bhambri Chowk, Road Pasun 5va,", null, true, "18.428231,76.541005", 8], [53, "33 x 55", 30, 0, 0, 0, 1900, 1900, 3610000.0, 1, 1, "", "7 Pani Sanctioned Plot, Purv Disha, Road 30ft", "Near Gangai Mangalkaryalay, Khopegao- gangapur road", null, true, "18.359271,76.549068", 3], [54, "33 x 55", 30, 0, 0, 0, 1900, 1900, 3610000.0, 1, 1, "", "7 Pani Sanctioned Plot, Purv Disha, Road 30ft", "Near Gangai Mangalkaryalay, Khopegao- gangapur road", null, true, "18.359635,76.549165", 3], [55, "40 x 50", 25, 0, 0, 0, 15000, 2000, 30000000.0, 1, 0, "", "best locality", "behind bramha sruti, near udyog bhawan, tution area ", null, true, "18.395781,76.565949", 3], [56, "40 x 50", 0, 25, 0, 0, 15000, 2000, 30000000.0, 1, 0, "", "Best for Hostel ", "Sonewane College Javal", null, true, "18.390756,76.566726", 1], [58, "30 x 50", 30, 0, 0, 0, 2800, 